{"true_microstates":{},"estimated_microstates":{"state_1":{"Fp1":0.03440475449041789,"Fp2":0.057961759230410637,"F7":-0.045749527971920244,"F3":0.11456897806246524,"Fz":0.21258071497500663,"F4":0.17798238099602737,"F8":0.043204764043273641,"FC5":0.0049664661846449062,"FC1":0.20497192636254871,"FC2":0.22833513374130984,"FC6":0.07728487791295037,"T7":-0.10255162540364382,"C3":0.045227681172214568,"Cz":0.19810394608357146,"C4":0.088557144869719023,"T8":-0.042806349795765246,"CP5":-0.086064905974350722,"CP1":0.043982892455250715,"CP2":0.069774604976056934,"CP6":-0.034711216775376613,"AFz":0.15366570993049081,"P7":-0.17966750234239723,"P3":-0.078272867068736582,"Pz":-0.014311588577539362,"P4":-0.047177357270339455,"P8":-0.14378150982817189,"PO9":-0.23778202814706462,"O1":-0.23062405120617363,"Oz":-0.20464349109554686,"O2":-0.19139298723299061,"PO10":-0.19706042492122858,"AF7":-0.010393108343365005,"AF3":0.10433092027197011,"AF4":0.14023051461370856,"AF8":0.056798375626652971,"F5":0.024168274398865177,"F1":0.1919211130032063,"F2":0.22065640393417954,"F6":0.118744828241031,"FT7":-0.063483469799523379,"FC3":0.10626856820174266,"FC4":0.16148076077923698,"FT8":0.0071113735320597329,"C5":-0.04314468206003292,"C1":0.13703003408797215,"C2":0.14997083044055656,"C6":0.020904184510349057,"TP7":-0.14563854185260178,"CP3":-0.014698530513681871,"CPz":0.065814965670168146,"CP4":0.018812774640256026,"TP8":-0.092535303406474992,"P5":-0.13253667607760089,"P1":-0.042991087125617354,"P2":-0.017865045396262762,"P6":-0.10136658847380642,"PO7":-0.20426530522826067,"PO3":-0.15351781723133071,"POz":-0.10982526593778975,"PO4":-0.11826241276050116,"PO8":-0.19269638962021848,"confidence":0.20361864996520523,"template_label":"D","template_correlation":0.94477641003500734,"template_polarity":1},"state_2":{"Fp1":0.16309430646170395,"Fp2":0.14622366231575978,"F7":0.22946761201095783,"F3":0.050600035891036718,"Fz":-0.058160161915362163,"F4":-0.019238374618950633,"F8":0.13490772149922364,"FC5":0.13607776252425111,"FC1":-0.12007057808782648,"FC2":-0.15411178388157204,"FC6":0.019117182913200356,"T7":0.19420983639456474,"C3":-0.0055281254729939713,"Cz":-0.24229090087160404,"C4":-0.12847228707607958,"T8":0.073305223839794389,"CP5":0.081902516512677284,"CP1":-0.16119846440712907,"CP2":-0.22332079836683433,"CP6":-0.072739286404758838,"AFz":0.040063382068222658,"P7":0.15234691409098181,"P3":-0.041073680041925457,"Pz":-0.20646166161463037,"P4":-0.15287306462699549,"P8":0.020581615354054353,"PO9":0.17850788382068764,"O1":0.065075486225498913,"Oz":-0.00830382404373979,"O2":-0.022592379774219871,"PO10":0.10101807585449959,"AF7":0.20363353293363151,"AF3":0.086696159550834526,"AF4":0.045992763616661374,"AF8":0.14587118889384984,"F5":0.15402642764030325,"F1":-0.03731731409264024,"F2":-0.070127049233795632,"F6":0.057925310754904875,"FT7":0.2100536142334794,"FC3":0.0086431889270304225,"FC4":-0.082103205791740935,"FT8":0.10759833620730422,"C5":0.11597779331410037,"C1":-0.15375221220354518,"C2":-0.20684012918339836,"C6":-0.021679217661139522,"TP7":0.18342374191843872,"CP3":-0.035209370432894925,"CPz":-0.23954512779254516,"CP4":-0.16239045708748723,"TP8":0.044454021843061416,"P5":0.051673392148958136,"P1":-0.1291717284173293,"P2":-0.19632446440365747,"P6":-0.073387298708734547,"PO7":0.095192624725054,"PO3":-0.022188744241744343,"POz":-0.12897247440278123,"PO4":-0.11415447870834565,"PO8":-0.00806267091832502,"confidence":0.16659707724425885,"template_label":"E","template_correlation":0.77575464550533146,"template_polarity":1},"state_3":{"Fp1":0.17172284227737028,"Fp2":0.17646041775825244,"F7":0.15389782645089364,"F3":0.14816409421715523,"Fz":0.14682006556215801,"F4":0.14515791726462091,"F8":0.14884652720975253,"FC5":0.1199436742023758,"FC1":0.085462010358353477,"FC2":0.080961456238528254,"FC6":0.086204451154150957,"T7":0.067030900434804058,"C3":0.031416003389050061,"Cz":-0.018786026520224243,"C4":-0.021100550933560839,"T8":0.02354496220724717,"CP5":-0.019804640663217521,"CP1":-0.097698486995447711,"CP2":-0.11673305809616252,"CP6":-0.084791714838762522,"AFz":0.17634090138034023,"P7":-0.046574837347695748,"P3":-0.11587674373204723,"Pz":-0.18329829693905947,"P4":-0.16401879664054447,"P8":-0.10747630081729957,"PO9":-0.074359764419075464,"O1":-0.16262340236368361,"Oz":-0.1948252558541021,"O2":-0.19228537393934306,"PO10":-0.090851848502209315,"AF7":0.16378399897017112,"AF3":0.17091766983364978,"AF4":0.16708640541842865,"AF8":0.17145314882120027,"F5":0.15364821758346303,"F1":0.14489667625302538,"F2":0.14324663285488159,"F6":0.15421579047230577,"FT7":0.12053187485833709,"FC3":0.10255052190476086,"FC4":0.079186284228811854,"FT8":0.095096357515666169,"C5":0.053730180791672216,"C1":-0.0053580003537926305,"C2":-0.031290825840865413,"C6":0.0054668397346332078,"TP7":0.013838193157005354,"CP3":-0.052035993862917206,"CPz":-0.13654464232063787,"CP4":-0.11056245464194366,"TP8":-0.041709713221276638,"P5":-0.08920140632990177,"P1":-0.15194701142969838,"P2":-0.17475823346024874,"P6":-0.14704399935762852,"PO7":-0.11713768498535826,"PO3":-0.16659841086201807,"POz":-0.20829335803026586,"PO4":-0.19936298114403178,"PO8":-0.17867302806004512,"confidence":0.25748086290883782,"template_label":"C","template_correlation":0.98561585004534957,"template_polarity":1},"state_4":{"Fp1":0.083634324133658247,"Fp2":0.19093651149533158,"F7":0.040758408302446508,"F3":-0.011264068662256642,"Fz":0.047483954909216461,"F4":0.17004546922546482,"F8":0.26437979939020045,"FC5":-0.046157017540271489,"FC1":-0.051267102016779885,"FC2":0.061995943555067233,"FC6":0.20785666427760466,"T7":-0.071892424281069331,"C3":-0.11949021462407911,"Cz":-0.068030761367464609,"C4":0.10135218614838026,"T8":0.19596086734194418,"CP5":-0.15401308350283544,"CP1":-0.14678841513401381,"CP2":-0.041618623650275036,"CP6":0.098351599965138384,"AFz":0.099083478893699631,"P7":-0.14196758548473953,"P3":-0.18606269528864236,"Pz":-0.13631773708644684,"P4":-0.015835113878329719,"P8":0.076581695081716139,"PO9":-0.11020516549651595,"O1":-0.16575081604436692,"Oz":-0.12266666869028432,"O2":-0.050349462987086736,"PO10":0.040745457329592845,"AF7":0.058009327303452228,"AF3":0.05380769860745601,"AF4":0.16124934187793569,"AF8":0.24874652682449994,"F5":0.0072426292784639043,"F1":0.0094402349552596323,"F2":0.10273719756121635,"F6":0.22983653496723697,"FT7":-0.018542681132259934,"FC3":-0.072794867220452614,"FC4":0.14589429782817778,"FT8":0.23854270007505102,"C5":-0.099885807514890179,"C1":-0.10401093973657963,"C2":0.0055993392214255533,"C6":0.16793250030072879,"TP7":-0.11162726188568438,"CP3":-0.16626831490842842,"CPz":-0.11611734985467238,"CP4":0.036818491781464423,"TP8":0.14143399396132736,"P5":-0.17924113679900436,"P1":-0.17122895979945058,"P2":-0.071350229877231969,"P6":0.033185217032756495,"PO7":-0.1739033478162392,"PO3":-0.18707047280442082,"POz":-0.14801413029399602,"PO4":-0.063663035283080913,"PO8":0.0037530990359354722,"confidence":0.19429366736256085,"template_label":"A","template_correlation":0.89735180276782722,"template_polarity":1},"state_5":{"Fp1":0.10588394008436484,"Fp2":0.0074713324506211114,"F7":0.11472537146501467,"F3":0.19291303481520797,"Fz":0.14347337881548827,"F4":0.019598741137013265,"F8":-0.091178891986195693,"FC5":0.17811103458281252,"FC1":0.18306781330231423,"FC2":0.065816788491612724,"FC6":-0.097417654603389775,"T7":0.12056653586156324,"C3":0.16666280570260122,"Cz":0.090139862379634061,"C4":-0.10947887445588465,"T8":-0.1741203847196493,"CP5":0.11654003921351887,"CP1":0.057576545382512313,"CP2":-0.068921560077225,"CP6":-0.19899812605891445,"AFz":0.11150259771404518,"P7":0.051319565496591855,"P3":0.05039048837562117,"Pz":-0.055975220181922018,"P4":-0.16968725818294939,"P8":-0.21817538879073228,"PO9":-0.022863450931827848,"O1":-0.058712333422325243,"Oz":-0.12675040419029088,"O2":-0.19374056473347429,"PO10":-0.17481103465944112,"AF7":0.11511216346543085,"AF3":0.14488752180340089,"AF4":0.040801936267234558,"AF8":-0.05231601050409132,"F5":0.16275591776192419,